{"cameraMode":{"drawMode":0,"name":"Shaded","section":"Shading Mode"},"sceneLighting":true,"audioPlay":false,"sceneViewState":{"showFog":true,"showMaterialUpdate":false,"showSkybox":true,"showFlares":true,"showImageEffects":true,"showParticleSystems":true,"showVisualEffectGraphs":true,"m_FxEnabled":true},"in2DMode":false,"pivot":{"x":3.5544981956481935,"y":0.7967983484268189,"z":-2.5711097717285158},"rotation":{"x":0.07711710780858994,"y":-0.00799323059618473,"z":-0.0009415362728759646,"w":-0.9970707297325134},"size":2.0110819339752199,"orthographic":false}