{"cameraMode":{"drawMode":0,"name":"Shaded","section":"Shading Mode"},"sceneLighting":false,"audioPlay":false,"sceneViewState":{"showFog":true,"showMaterialUpdate":false,"showSkybox":false,"showFlares":true,"showImageEffects":true,"showParticleSystems":true,"showVisualEffectGraphs":true,"m_FxEnabled":true},"in2DMode":false,"pivot":{"x":-0.8219866156578064,"y":0.3071507215499878,"z":0.5392436981201172},"rotation":{"x":-0.004262376576662064,"y":-0.9518643617630005,"z":0.3062829077243805,"w":-0.013222851790487767},"size":1.7068700790405274,"orthographic":false}