{"cameraMode":{"drawMode":0,"name":"Shaded","section":"Shading Mode"},"sceneLighting":false,"audioPlay":false,"sceneViewState":{"showFog":true,"showMaterialUpdate":false,"showSkybox":false,"showFlares":true,"showImageEffects":true,"showParticleSystems":true,"showVisualEffectGraphs":true,"m_FxEnabled":true},"in2DMode":false,"pivot":{"x":2.163099765777588,"y":-0.3568963408470154,"z":1.8811498880386353},"rotation":{"x":-0.1279487907886505,"y":0.012988264672458172,"z":-0.0016799391014501453,"w":-0.9917126893997192},"size":1.462001085281372,"orthographic":false}